{
  "retrieve_seconds": 0.007218707993160933,
  "evaluate_seconds": 0.00019304099259898067
}