{
  "retrieve_seconds": 13.273454865004169,
  "evaluate_seconds": 0.024046413018368185
}