{
  "retrieve_seconds": 0.0015414579975185916,
  "evaluate_seconds": 5.483398854266852e-05
}