{
  "retrieve_seconds": 0.0009934999980032444,
  "evaluate_seconds": 2.562499139457941e-05
}