{
  "retrieve_seconds": 0.0008850409940350801,
  "evaluate_seconds": 2.6999972760677338e-05
}