{
  "n_pairs": 1892,
  "score_mean": 0.1460614800453186,
  "score_std": 0.2803507447242737,
  "thresholds": [
    [
      -2.0,
      0.6998559523809523,
      1892,
      1000
    ],
    [
      -1.0,
      0.6998559523809523,
      1892,
      1000
    ],
    [
      0.0,
      0.6998559523809523,
      1892,
      1000
    ],
    [
      0.5,
      0.757847533632287,
      250,
      223
    ],
    [
      1.0,
      0.0,
      0,
      0
    ],
    [
      2.0,
      0.0,
      0,
      0
    ],
    [
      3.0,
      0.0,
      0,
      0
    ]
  ]
}