{
  "n": 1000,
  "F1": 0.4821392376959017,
  "EM": 0.38,
  "cit_acc": 0.6998559523809523,
  "lambda_type": 0.0,
  "top_k": 50,
  "token_budget": 1024,
  "elapsed_sec": 473.06225538253784
}