{
  "retrieve_seconds": 0.0012249159917701036,
  "evaluate_seconds": 4.7416993766091764e-05
}