{
  "retrieve_seconds": 63.173683720000554,
  "evaluate_seconds": 0.02406442101346329
}