{
  "retrieve_seconds": 0.0014599170244764537,
  "evaluate_seconds": 3.066600766032934e-05
}