{
  "retrieve_seconds": 0.0011565000022528693,
  "evaluate_seconds": 4.545800038613379e-05
}