{
  "retrieve_seconds": 0.0009412920044269413,
  "evaluate_seconds": 2.5416986318305135e-05
}