{
  "retrieve_seconds": 0.0009195000166073442,
  "evaluate_seconds": 2.766601392067969e-05
}