{
  "recall@1_doc_mean": 0.443,
  "precision@1_chunk_mean": 0.886,
  "ndcg@1_chunk_mean": 0.886,
  "recall@3_doc_mean": 0.7715,
  "precision@3_chunk_mean": 0.5723333333333339,
  "ndcg@3_chunk_mean": 0.927682879703326,
  "recall@5_doc_mean": 0.8355,
  "precision@5_chunk_mean": 0.390399999999997,
  "ndcg@5_chunk_mean": 0.9257705062986029,
  "recall@10_doc_mean": 0.889,
  "precision@10_chunk_mean": 0.22049999999999867,
  "ndcg@10_chunk_mean": 0.9063081065939295,
  "mean_reciprocal_rank_doc": 0.9295643978605937,
  "evaluate_seconds": 0.024286138999741524,
  "retrieve_seconds": 12.77189546500449,
  "answer_em_mean": 0.023,
  "answer_f1_mean": 0.1311822030964628,
  "citation_accuracy_mean": 0.51765,
  "answer_count": 1000.0,
  "conservation_R_entity_mean": 0.5694863692679866,
  "conservation_R_numeric_mean": 0.2235314407814407,
  "conservation_R_temporal_mean": 0.032633333333333334,
  "conservation_faithfulness_mean": 0.7247829522057442
}