{
  "retrieve_seconds": 12.77189546500449,
  "evaluate_seconds": 0.024286138999741524
}