{
  "retrieve_seconds": 1.926059377961792,
  "evaluate_seconds": 0.020394930033944547
}