{
  "recall@1_doc_mean": 0.2775,
  "precision@1_chunk_mean": 0.555,
  "ndcg@1_chunk_mean": 0.555,
  "recall@3_doc_mean": 0.508,
  "precision@3_chunk_mean": 0.4119999999999989,
  "ndcg@3_chunk_mean": 0.6907983825280571,
  "recall@5_doc_mean": 0.614,
  "precision@5_chunk_mean": 0.33939999999999776,
  "ndcg@5_chunk_mean": 0.7176481299727594,
  "recall@10_doc_mean": 0.753,
  "precision@10_chunk_mean": 0.24759999999999913,
  "ndcg@10_chunk_mean": 0.7192803498036388,
  "mean_reciprocal_rank_doc": 0.6936523371922675,
  "evaluate_seconds": 0.024831076007103547,
  "retrieve_seconds": 88.3423628519813,
  "answer_em_mean": 0.0,
  "answer_f1_mean": 0.007634716642017433,
  "citation_accuracy_mean": 0.08694000000000006,
  "answer_count": 1000.0,
  "conservation_R_entity_mean": 0.5325999715489023,
  "conservation_R_numeric_mean": 0.6793046283209673,
  "conservation_R_temporal_mean": 0.3478839329821021,
  "conservation_faithfulness_mean": 0.48007048904934313
}