{
  "retrieve_seconds": 88.3423628519813,
  "evaluate_seconds": 0.024831076007103547
}