{
  "retrieve_seconds": 0.0010024170042015612,
  "evaluate_seconds": 3.408401971682906e-05
}