{
  "recall@1_doc_mean": 0.443,
  "precision@1_chunk_mean": 0.886,
  "ndcg@1_chunk_mean": 0.886,
  "recall@3_doc_mean": 0.7715,
  "precision@3_chunk_mean": 0.5723333333333339,
  "ndcg@3_chunk_mean": 0.9276026004924741,
  "recall@5_doc_mean": 0.8355,
  "precision@5_chunk_mean": 0.38999999999999696,
  "ndcg@5_chunk_mean": 0.9257854196642098,
  "recall@10_doc_mean": 0.889,
  "precision@10_chunk_mean": 0.22049999999999867,
  "ndcg@10_chunk_mean": 0.9062547680461519,
  "mean_reciprocal_rank_doc": 0.929614378588315,
  "evaluate_seconds": 0.024327799008460715,
  "retrieve_seconds": 13.37692275000154,
  "answer_em_mean": 0.0,
  "answer_f1_mean": 0.015208283025250456,
  "citation_accuracy_mean": 0.10659022486869554,
  "answer_count": 1000.0,
  "conservation_R_entity_mean": 0.40848497490641605,
  "conservation_R_numeric_mean": 0.4824529460487554,
  "conservation_R_temporal_mean": 0.2785975739225145,
  "conservation_faithfulness_mean": 0.610154835040771
}