{
  "retrieve_seconds": 13.37692275000154,
  "evaluate_seconds": 0.024327799008460715
}