{
  "retrieve_seconds": 0.0012859159905929118,
  "evaluate_seconds": 3.229198046028614e-05
}