{
  "retrieve_seconds": 18.166834933013888,
  "evaluate_seconds": 0.024036814022110775
}