{
  "retrieve_seconds": 0.0014099580002948642,
  "evaluate_seconds": 5.412500468082726e-05
}