{
  "retrieve_seconds": 0.0008367499976884574,
  "evaluate_seconds": 2.854099147953093e-05
}