{
  "retrieve_seconds": 18.432201011979487,
  "evaluate_seconds": 0.024929071019869298
}