{
  "retrieve_seconds": 18.449106117972406,
  "evaluate_seconds": 0.024777007987722754
}