{
  "retrieve_seconds": 13.190445774991531,
  "evaluate_seconds": 0.024157070001820102
}