{
  "retrieve_seconds": 0.0015922500024316832,
  "evaluate_seconds": 4.712500958703458e-05
}