{
  "retrieve_seconds": 0.0008730000117793679,
  "evaluate_seconds": 2.579198917374015e-05
}