{
  "retrieve_seconds": 0.0012872499937657267,
  "evaluate_seconds": 5.258299643173814e-05
}