{
  "recall@1_doc_mean": 0.974,
  "precision@1_chunk_mean": 0.974,
  "ndcg@1_chunk_mean": 0.974,
  "recall@3_doc_mean": 0.976,
  "precision@3_chunk_mean": 0.3253333333333323,
  "ndcg@3_chunk_mean": 0.9751309297535714,
  "recall@5_doc_mean": 0.979,
  "precision@5_chunk_mean": 0.19579999999999742,
  "ndcg@5_chunk_mean": 0.9763353119261139,
  "recall@10_doc_mean": 0.984,
  "precision@10_chunk_mean": 0.09839999999999868,
  "ndcg@10_chunk_mean": 0.9780119893872349,
  "mean_reciprocal_rank_doc": 0.9765434214954059,
  "evaluate_seconds": 0.02026893402216956,
  "retrieve_seconds": 1.928323186992202,
  "answer_em_mean": 0.842,
  "answer_f1_mean": 0.9135654779960021,
  "citation_accuracy_mean": 0.9592399999999999,
  "answer_count": 1000.0,
  "conservation_R_entity_mean": 0.788275760144568,
  "conservation_R_numeric_mean": 0.4153266666666666,
  "conservation_R_temporal_mean": 0.0013333333333333333,
  "conservation_faithfulness_mean": 0.5983547466184774
}