{
  "retrieve_seconds": 1.928323186992202,
  "evaluate_seconds": 0.02026893402216956
}