{
  "retrieve_seconds": 0.010302415990736336,
  "evaluate_seconds": 0.00018454200471751392
}