{
  "recall@1_doc_mean": 0.468,
  "precision@1_chunk_mean": 0.936,
  "ndcg@1_chunk_mean": 0.936,
  "recall@3_doc_mean": 0.867,
  "precision@3_chunk_mean": 0.6269999999999991,
  "ndcg@3_chunk_mean": 0.9602916496348771,
  "recall@5_doc_mean": 0.907,
  "precision@5_chunk_mean": 0.41859999999999653,
  "ndcg@5_chunk_mean": 0.9529129544000137,
  "recall@10_doc_mean": 0.9305,
  "precision@10_chunk_mean": 0.22739999999999855,
  "ndcg@10_chunk_mean": 0.9400143809157039,
  "mean_reciprocal_rank_doc": 0.9619376455845499,
  "evaluate_seconds": 0.024692885985132307,
  "retrieve_seconds": 12.644656062999275,
  "answer_em_mean": 0.031,
  "answer_f1_mean": 0.14015750743907754,
  "citation_accuracy_mean": 0.5473761904761905,
  "answer_count": 1000.0,
  "conservation_R_entity_mean": 0.5560373542307366,
  "conservation_R_numeric_mean": 0.23677738095238096,
  "conservation_R_temporal_mean": 0.03433333333333334,
  "conservation_faithfulness_mean": 0.7242839771611803
}