{
  "retrieve_seconds": 12.644656062999275,
  "evaluate_seconds": 0.024692885985132307
}