{
  "retrieve_seconds": 0.0017105419974541292,
  "evaluate_seconds": 5.4208008805289865e-05
}