{
  "retrieve_seconds": 0.01003816700540483,
  "evaluate_seconds": 0.00019879097817465663
}