{
  "retrieve_seconds": 0.001055875007295981,
  "evaluate_seconds": 2.6541994884610176e-05
}