{
  "retrieve_seconds": 0.010156625008676201,
  "evaluate_seconds": 0.0001839999749790877
}