{
  "retrieve_seconds": 0.006791499996325001,
  "evaluate_seconds": 0.0001989159791264683
}