{
  "retrieve_seconds": 90.51878228099667,
  "evaluate_seconds": 0.024986611999338493
}