{
  "recall@1_doc_mean": 0.42325,
  "precision@1_chunk_mean": 0.965,
  "ndcg@1_chunk_mean": 0.965,
  "recall@3_doc_mean": 0.66625,
  "precision@3_chunk_mean": 0.5806666666666671,
  "ndcg@3_chunk_mean": 0.9792226475576348,
  "recall@5_doc_mean": 0.69975,
  "precision@5_chunk_mean": 0.388599999999996,
  "ndcg@5_chunk_mean": 0.9699561171884946,
  "recall@10_doc_mean": 0.7295,
  "precision@10_chunk_mean": 0.21669999999999792,
  "ndcg@10_chunk_mean": 0.9539175561691629,
  "mean_reciprocal_rank_doc": 0.9807833333333333,
  "evaluate_seconds": 0.023486341000534594,
  "retrieve_seconds": 7.560098690970335,
  "answer_em_mean": 0.254,
  "answer_f1_mean": 0.2846750860250861,
  "citation_accuracy_mean": 0.6522491075417628,
  "answer_count": 1000.0,
  "conservation_R_entity_mean": 0.7460126729049108,
  "conservation_R_numeric_mean": 0.4955244235807742,
  "conservation_R_temporal_mean": 0.0,
  "conservation_faithfulness_mean": 0.5861543011714381
}