{
  "retrieve_seconds": 7.560098690970335,
  "evaluate_seconds": 0.023486341000534594
}