{
  "retrieve_seconds": 0.0011160410067532212,
  "evaluate_seconds": 4.604201239999384e-05
}