{
  "retrieve_seconds": 0.0010983340034727007,
  "evaluate_seconds": 3.3374992199242115e-05
}