{
  "recall@1_doc_mean": 0.443,
  "precision@1_chunk_mean": 0.886,
  "ndcg@1_chunk_mean": 0.886,
  "recall@3_doc_mean": 0.772,
  "precision@3_chunk_mean": 0.5726666666666672,
  "ndcg@3_chunk_mean": 0.9275223212816224,
  "recall@5_doc_mean": 0.8365,
  "precision@5_chunk_mean": 0.3913999999999971,
  "ndcg@5_chunk_mean": 0.9252781056714577,
  "recall@10_doc_mean": 0.889,
  "precision@10_chunk_mean": 0.2212999999999987,
  "ndcg@10_chunk_mean": 0.9058563923635707,
  "mean_reciprocal_rank_doc": 0.9295618253968256,
  "evaluate_seconds": 0.024224170949310064,
  "retrieve_seconds": 13.2311010939884,
  "answer_em_mean": 0.441,
  "answer_f1_mean": 0.5537188200688199,
  "citation_accuracy_mean": 0.79293618421344,
  "answer_count": 1000.0,
  "conservation_R_entity_mean": 0.6913535714285709,
  "conservation_R_numeric_mean": 0.4415678509467951,
  "conservation_R_temporal_mean": 0.0,
  "conservation_faithfulness_mean": 0.622359525874878
}