{
  "retrieve_seconds": 13.2311010939884,
  "evaluate_seconds": 0.024224170949310064
}