{
  "retrieve_seconds": 0.0008831250015646219,
  "evaluate_seconds": 2.5375018594786525e-05
}