{
  "retrieve_seconds": 0.0011596249823924154,
  "evaluate_seconds": 2.6875000912696123e-05
}