{
  "retrieve_seconds": 0.0008737919852137566,
  "evaluate_seconds": 2.5749992346391082e-05
}