{
  "retrieve_seconds": 13.793756340019172,
  "evaluate_seconds": 0.02439999399939552
}