{
  "retrieve_seconds": 0.013225833012256771,
  "evaluate_seconds": 0.0001993750047404319
}