{
  "retrieve_seconds": 0.0009287919965572655,
  "evaluate_seconds": 2.62079993262887e-05
}