{
  "retrieve_seconds": 0.026671739004086703,
  "evaluate_seconds": 0.00010504797683097422
}