{
  "retrieve_seconds": 0.0012457080010790378,
  "evaluate_seconds": 4.641700070351362e-05
}