{
  "retrieve_seconds": 13.851659948995803,
  "evaluate_seconds": 0.024079513998003677
}