{
  "retrieve_seconds": 0.0008903339912649244,
  "evaluate_seconds": 3.0250026611611247e-05
}