{
  "recall@1_doc_mean": 0.391,
  "precision@1_chunk_mean": 0.782,
  "ndcg@1_chunk_mean": 0.782,
  "recall@3_doc_mean": 0.656,
  "precision@3_chunk_mean": 0.4720000000000005,
  "ndcg@3_chunk_mean": 0.853377999297376,
  "recall@5_doc_mean": 0.74,
  "precision@5_chunk_mean": 0.33279999999999704,
  "ndcg@5_chunk_mean": 0.8529387122296841,
  "recall@10_doc_mean": 0.8385,
  "precision@10_chunk_mean": 0.19889999999999827,
  "ndcg@10_chunk_mean": 0.8365072908344178,
  "mean_reciprocal_rank_doc": 0.8553008872884735,
  "evaluate_seconds": 0.029325901006814092,
  "retrieve_seconds": 389.8501311399741,
  "answer_em_mean": 0.0,
  "answer_f1_mean": 0.01758249196573425,
  "citation_accuracy_mean": 0.11242432903549919,
  "answer_count": 1000.0,
  "conservation_R_entity_mean": 0.42505610704849495,
  "conservation_R_numeric_mean": 0.5165889098988475,
  "conservation_R_temporal_mean": 0.2599299355507574,
  "conservation_faithfulness_mean": 0.5994750158339663
}