{
  "retrieve_seconds": 389.8501311399741,
  "evaluate_seconds": 0.029325901006814092
}