{
  "retrieve_seconds": 0.0011638340074568987,
  "evaluate_seconds": 3.250001464039087e-05
}