{
  "recall@1_doc_mean": 0.4125,
  "precision@1_chunk_mean": 0.825,
  "ndcg@1_chunk_mean": 0.825,
  "recall@3_doc_mean": 0.6915,
  "precision@3_chunk_mean": 0.4943333333333342,
  "ndcg@3_chunk_mean": 0.8870902926099654,
  "recall@5_doc_mean": 0.774,
  "precision@5_chunk_mean": 0.3443999999999968,
  "ndcg@5_chunk_mean": 0.8860875151888288,
  "recall@10_doc_mean": 0.8575,
  "precision@10_chunk_mean": 0.2004999999999982,
  "ndcg@10_chunk_mean": 0.8691555732505988,
  "mean_reciprocal_rank_doc": 0.8895599224305111,
  "evaluate_seconds": 0.023933407966978848,
  "retrieve_seconds": 90.99064705497585,
  "answer_em_mean": 0.0,
  "answer_f1_mean": 0.018567165942294003,
  "citation_accuracy_mean": 0.11578151163607807,
  "answer_count": 1000.0,
  "conservation_R_entity_mean": 0.43156363141782217,
  "conservation_R_numeric_mean": 0.5211238057684476,
  "conservation_R_temporal_mean": 0.24774662661613142,
  "conservation_faithfulness_mean": 0.5998553120658671
}