{
  "retrieve_seconds": 90.99064705497585,
  "evaluate_seconds": 0.023933407966978848
}