{
  "retrieve_seconds": 0.014507457992294803,
  "evaluate_seconds": 0.00021075000404380262
}