{
  "retrieve_seconds": 7.295741893001832,
  "evaluate_seconds": 0.023691517999395728
}