{
  "retrieve_seconds": 18.405498731008265,
  "evaluate_seconds": 0.02410634799161926
}