{
  "recall@1_doc_mean": 0.443,
  "precision@1_chunk_mean": 0.886,
  "ndcg@1_chunk_mean": 0.886,
  "recall@3_doc_mean": 0.7715,
  "precision@3_chunk_mean": 0.5723333333333339,
  "ndcg@3_chunk_mean": 0.927682879703326,
  "recall@5_doc_mean": 0.8355,
  "precision@5_chunk_mean": 0.390399999999997,
  "ndcg@5_chunk_mean": 0.9257705062986029,
  "recall@10_doc_mean": 0.889,
  "precision@10_chunk_mean": 0.22049999999999867,
  "ndcg@10_chunk_mean": 0.9063081065939295,
  "mean_reciprocal_rank_doc": 0.9295643978605937,
  "evaluate_seconds": 0.024721030000364408,
  "retrieve_seconds": 12.713247549021617,
  "answer_em_mean": 0.025,
  "answer_f1_mean": 0.1328702341783497,
  "citation_accuracy_mean": 0.5149000000000001,
  "answer_count": 1000.0,
  "conservation_R_entity_mean": 0.5696541043107216,
  "conservation_R_numeric_mean": 0.22046477411477405,
  "conservation_R_temporal_mean": 0.03357619047619048,
  "conservation_faithfulness_mean": 0.7254349770327694
}