{
  "retrieve_seconds": 12.713247549021617,
  "evaluate_seconds": 0.024721030000364408
}