{
  "retrieve_seconds": 139.83420646601007,
  "evaluate_seconds": 0.023489779006922618
}