{
  "retrieve_seconds": 0.0008697919838596135,
  "evaluate_seconds": 2.895799116231501e-05
}