{
  "retrieve_seconds": 0.0014845419937046245,
  "evaluate_seconds": 5.512501229532063e-05
}