{
  "retrieve_seconds": 0.00154824998753611,
  "evaluate_seconds": 5.166699702385813e-05
}