{
  "retrieve_seconds": 90.21348274601041,
  "evaluate_seconds": 0.024939541006460786
}