{
  "retrieve_seconds": 0.0011954159999731928,
  "evaluate_seconds": 5.07910008309409e-05
}