{
  "retrieve_seconds": 13.826080534985522,
  "evaluate_seconds": 0.02398271401762031
}