{
  "retrieve_seconds": 0.006874917016830295,
  "evaluate_seconds": 0.0001786659995559603
}