{
  "n": 1000,
  "F1": 0.4404256585849542,
  "EM": 0.339,
  "cit_acc": 0.52195873015873,
  "lambda_type": 0.05,
  "prompt_style": "citation",
  "selector": "submodular",
  "elapsed_sec": 496.74941062927246
}