{
  "retrieve_seconds": 0.0012899169960292056,
  "evaluate_seconds": 4.7416004235856235e-05
}