{
  "retrieve_seconds": 0.0008471250184811652,
  "evaluate_seconds": 2.8665992431342602e-05
}