{
  "retrieve_seconds": 0.0009054169931914657,
  "evaluate_seconds": 2.5625020498409867e-05
}