{
  "retrieve_seconds": 18.386498317995574,
  "evaluate_seconds": 0.024559081008192152
}