{
  "retrieve_seconds": 12.815195256029256,
  "evaluate_seconds": 0.02499089401680976
}