{
  "recall@1_doc_mean": 0.386,
  "precision@1_chunk_mean": 0.772,
  "ndcg@1_chunk_mean": 0.772,
  "recall@3_doc_mean": 0.6785,
  "precision@3_chunk_mean": 0.5579999999999999,
  "ndcg@3_chunk_mean": 0.8653413766272315,
  "recall@5_doc_mean": 0.769,
  "precision@5_chunk_mean": 0.42919999999999764,
  "ndcg@5_chunk_mean": 0.8645804722714389,
  "recall@10_doc_mean": 0.849,
  "precision@10_chunk_mean": 0.27639999999999953,
  "ndcg@10_chunk_mean": 0.8451190105817696,
  "mean_reciprocal_rank_doc": 0.8581894241229793,
  "evaluate_seconds": 0.024650248000398278,
  "retrieve_seconds": 35.328325723006856,
  "answer_em_mean": 0.0,
  "answer_f1_mean": 0.006831396982819983,
  "citation_accuracy_mean": 0.08154038424844379,
  "answer_count": 1000.0,
  "conservation_R_entity_mean": 0.41842328463558637,
  "conservation_R_numeric_mean": 0.548104746220241,
  "conservation_R_temporal_mean": 0.4181002104703542,
  "conservation_faithfulness_mean": 0.5384572528912719
}