{
  "retrieve_seconds": 35.328325723006856,
  "evaluate_seconds": 0.024650248000398278
}