{
  "retrieve_seconds": 0.0009315419883932918,
  "evaluate_seconds": 2.562499139457941e-05
}