{
  "retrieve_seconds": 0.0009745420247782022,
  "evaluate_seconds": 2.5874993298202753e-05
}