{
  "retrieve_seconds": 18.290908363007475,
  "evaluate_seconds": 0.025001708010677248
}