{
  "retrieve_seconds": 0.0017154170054709539,
  "evaluate_seconds": 6.0708000091835856e-05
}