{
  "retrieve_seconds": 0.0012045000039506704,
  "evaluate_seconds": 2.7542002499103546e-05
}