{
  "retrieve_seconds": 0.010526500002015382,
  "evaluate_seconds": 0.00017525002476759255
}