{
  "recall@1_doc_mean": 0.386,
  "precision@1_chunk_mean": 0.772,
  "ndcg@1_chunk_mean": 0.772,
  "recall@3_doc_mean": 0.6785,
  "precision@3_chunk_mean": 0.5579999999999999,
  "ndcg@3_chunk_mean": 0.8653413766272315,
  "recall@5_doc_mean": 0.769,
  "precision@5_chunk_mean": 0.42919999999999764,
  "ndcg@5_chunk_mean": 0.8645804722714389,
  "recall@10_doc_mean": 0.849,
  "precision@10_chunk_mean": 0.27639999999999953,
  "ndcg@10_chunk_mean": 0.8451190105817696,
  "mean_reciprocal_rank_doc": 0.8581894241229793,
  "evaluate_seconds": 0.02492490701843053,
  "retrieve_seconds": 35.56594226200832,
  "answer_em_mean": 0.0,
  "answer_f1_mean": 0.00683145506216008,
  "citation_accuracy_mean": 0.08154038424844379,
  "answer_count": 1000.0,
  "conservation_R_entity_mean": 0.41852409606934976,
  "conservation_R_numeric_mean": 0.5480912327067274,
  "conservation_R_temporal_mean": 0.4176864025720013,
  "conservation_faithfulness_mean": 0.5385660895506402
}