{
  "retrieve_seconds": 35.56594226200832,
  "evaluate_seconds": 0.02492490701843053
}