{
  "retrieve_seconds": 35.948725432972424,
  "evaluate_seconds": 0.024336715985555202
}