{
  "recall@1_doc_mean": 0.414,
  "precision@1_chunk_mean": 0.828,
  "ndcg@1_chunk_mean": 0.828,
  "recall@3_doc_mean": 0.6985,
  "precision@3_chunk_mean": 0.4830000000000006,
  "ndcg@3_chunk_mean": 0.8852723614810728,
  "recall@5_doc_mean": 0.7725,
  "precision@5_chunk_mean": 0.32639999999999697,
  "ndcg@5_chunk_mean": 0.8856116108936839,
  "recall@10_doc_mean": 0.863,
  "precision@10_chunk_mean": 0.1884999999999981,
  "ndcg@10_chunk_mean": 0.8696942833713863,
  "mean_reciprocal_rank_doc": 0.8893406056361939,
  "evaluate_seconds": 0.02350007600034587,
  "retrieve_seconds": 75.57428631099174,
  "answer_em_mean": 0.0,
  "answer_f1_mean": 0.026372329107841656,
  "citation_accuracy_mean": 0.12866061053800235,
  "answer_count": 1000.0,
  "conservation_R_entity_mean": 0.44836715083725576,
  "conservation_R_numeric_mean": 0.5477821059715464,
  "conservation_R_temporal_mean": 0.1786352926485279,
  "conservation_faithfulness_mean": 0.6084051501808897
}