{
  "retrieve_seconds": 75.57428631099174,
  "evaluate_seconds": 0.02350007600034587
}