{
  "retrieve_seconds": 0.009806499991100281,
  "evaluate_seconds": 0.00020441701053641737
}