{
  "retrieve_seconds": 0.0013531660079024732,
  "evaluate_seconds": 2.8332986403256655e-05
}