{
  "retrieve_seconds": 0.0011434170010033995,
  "evaluate_seconds": 4.65829944005236e-05
}