{
  "retrieve_seconds": 0.0128932090010494,
  "evaluate_seconds": 0.00020041599054820836
}