{
  "retrieve_seconds": 1.897408651013393,
  "evaluate_seconds": 0.020563837024383247
}