{
  "retrieve_seconds": 0.0012387090100673959,
  "evaluate_seconds": 4.7708002966828644e-05
}