{
  "retrieve_seconds": 13.455252940009814,
  "evaluate_seconds": 0.024119548994349316
}