{
  "recall@1_doc_mean": 0.414,
  "precision@1_chunk_mean": 0.828,
  "ndcg@1_chunk_mean": 0.828,
  "recall@3_doc_mean": 0.6985,
  "precision@3_chunk_mean": 0.4830000000000006,
  "ndcg@3_chunk_mean": 0.8852723614810728,
  "recall@5_doc_mean": 0.7725,
  "precision@5_chunk_mean": 0.32639999999999697,
  "ndcg@5_chunk_mean": 0.8856116108936839,
  "recall@10_doc_mean": 0.863,
  "precision@10_chunk_mean": 0.1884999999999981,
  "ndcg@10_chunk_mean": 0.8696942833713863,
  "mean_reciprocal_rank_doc": 0.8893406056361939,
  "evaluate_seconds": 0.02431730498210527,
  "retrieve_seconds": 137.50704782598768,
  "answer_em_mean": 0.061,
  "answer_f1_mean": 0.11680344263579563,
  "citation_accuracy_mean": 0.834,
  "answer_count": 1000.0,
  "conservation_R_entity_mean": 0.4659440476190464,
  "conservation_R_numeric_mean": 0.44641666666666663,
  "conservation_R_temporal_mean": 0.001,
  "conservation_faithfulness_mean": 0.6955464285714306
}