{
  "retrieve_seconds": 137.50704782598768,
  "evaluate_seconds": 0.02431730498210527
}