{
  "recall@1_doc_mean": 0.3333333333333333,
  "precision@1_chunk_mean": 0.3333333333333333,
  "ndcg@1_chunk_mean": 0.3333333333333333,
  "recall@3_doc_mean": 1.0,
  "precision@3_chunk_mean": 0.3333333333333333,
  "ndcg@3_chunk_mean": 0.7539531690476383,
  "recall@5_doc_mean": 1.0,
  "precision@5_chunk_mean": 0.20000000000000004,
  "ndcg@5_chunk_mean": 0.7539531690476383,
  "recall@10_doc_mean": 1.0,
  "precision@10_chunk_mean": 0.10000000000000002,
  "ndcg@10_chunk_mean": 0.7539531690476383,
  "mean_reciprocal_rank_doc": 0.6666666666666666,
  "evaluate_seconds": 4.6250002924352884e-05,
  "retrieve_seconds": 0.0011590409994823858,
  "answer_em_mean": 0.0,
  "answer_f1_mean": 0.0,
  "citation_accuracy_mean": 0.3333333333333333,
  "answer_count": 3.0,
  "conservation_R_entity_mean": 0.38888888888888884,
  "conservation_R_numeric_mean": 1.0,
  "conservation_R_temporal_mean": 0.0,
  "conservation_faithfulness_mean": 0.5370370370370371
}