{
  "retrieve_seconds": 0.0011590409994823858,
  "evaluate_seconds": 4.6250002924352884e-05
}