{
  "recall@1_doc_mean": 1.0,
  "precision@1_chunk_mean": 1.0,
  "ndcg@1_chunk_mean": 1.0,
  "recall@3_doc_mean": 1.0,
  "precision@3_chunk_mean": 0.4444444444444444,
  "ndcg@3_chunk_mean": 0.9732402630493958,
  "recall@5_doc_mean": 1.0,
  "precision@5_chunk_mean": 0.3333333333333333,
  "ndcg@5_chunk_mean": 0.9233552315609806,
  "mean_reciprocal_rank_doc": 1.0,
  "evaluate_seconds": 3.724999260157347e-05,
  "retrieve_seconds": 0.001224459003424272,
  "answer_em_mean": 0.0,
  "answer_f1_mean": 0.0,
  "citation_accuracy_mean": 1.0,
  "answer_count": 3.0,
  "conservation_R_entity_mean": 0.3333333333333333,
  "conservation_R_numeric_mean": 0.8333333333333334,
  "conservation_R_temporal_mean": 0.0,
  "conservation_faithfulness_mean": 0.6111111111111112
}