{
  "retrieve_seconds": 0.001224459003424272,
  "evaluate_seconds": 3.724999260157347e-05
}