{
  "recall@1_doc_mean": 0.438,
  "precision@1_chunk_mean": 0.876,
  "ndcg@1_chunk_mean": 0.876,
  "recall@3_doc_mean": 0.7575,
  "precision@3_chunk_mean": 0.5873333333333335,
  "ndcg@3_chunk_mean": 0.9259059347750755,
  "recall@5_doc_mean": 0.817,
  "precision@5_chunk_mean": 0.41899999999999704,
  "ndcg@5_chunk_mean": 0.919949685139853,
  "recall@10_doc_mean": 0.8765,
  "precision@10_chunk_mean": 0.24809999999999935,
  "ndcg@10_chunk_mean": 0.8974211644005845,
  "mean_reciprocal_rank_doc": 0.9253365079365081,
  "evaluate_seconds": 0.024452630983432755,
  "retrieve_seconds": 18.939883400977124,
  "answer_em_mean": 0.0,
  "answer_f1_mean": 0.010609649367526086,
  "citation_accuracy_mean": 0.09842828398444595,
  "answer_count": 1000.0,
  "conservation_R_entity_mean": 0.3927622428320153,
  "conservation_R_numeric_mean": 0.42547400813927755,
  "conservation_R_temporal_mean": 0.37504080515447535,
  "conservation_faithfulness_mean": 0.6022409812914099
}