{
  "retrieve_seconds": 18.939883400977124,
  "evaluate_seconds": 0.024452630983432755
}