{
  "retrieve_seconds": 0.000992874993244186,
  "evaluate_seconds": 2.8499984182417393e-05
}