{
  "retrieve_seconds": 0.007372207997832447,
  "evaluate_seconds": 0.00019695900846272707
}