{
  "retrieve_seconds": 12.810612821020186,
  "evaluate_seconds": 0.023336465994361788
}