{
  "retrieve_seconds": 0.00840733401128091,
  "evaluate_seconds": 0.00017220800509676337
}