{
  "retrieve_seconds": 0.0011245000059716403,
  "evaluate_seconds": 4.695799725595862e-05
}