{
  "recall@1_doc_mean": 0.443,
  "precision@1_chunk_mean": 0.886,
  "ndcg@1_chunk_mean": 0.886,
  "recall@3_doc_mean": 0.779,
  "precision@3_chunk_mean": 0.547666666666668,
  "ndcg@3_chunk_mean": 0.9337442920052056,
  "recall@5_doc_mean": 0.842,
  "precision@5_chunk_mean": 0.36319999999999636,
  "ndcg@5_chunk_mean": 0.9274350001490002,
  "recall@10_doc_mean": 0.8955,
  "precision@10_chunk_mean": 0.2024999999999983,
  "ndcg@10_chunk_mean": 0.9085723860949829,
  "mean_reciprocal_rank_doc": 0.931554404126258,
  "evaluate_seconds": 0.024286424013553187,
  "retrieve_seconds": 64.13076376501704,
  "answer_em_mean": 0.001,
  "answer_f1_mean": 0.008407956427779605,
  "citation_accuracy_mean": 0.014,
  "answer_count": 1000.0,
  "conservation_R_entity_mean": 0.469206186868685,
  "conservation_R_numeric_mean": 0.41326666666666667,
  "conservation_R_temporal_mean": 0.002120879120879121,
  "conservation_faithfulness_mean": 0.7051354224479253
}