{
  "retrieve_seconds": 64.13076376501704,
  "evaluate_seconds": 0.024286424013553187
}