{
  "retrieve_seconds": 0.0008514579967595637,
  "evaluate_seconds": 2.8791982913389802e-05
}