{
  "retrieve_seconds": 0.0008821249939501286,
  "evaluate_seconds": 2.5416986318305135e-05
}