{
  "retrieve_seconds": 0.0009272920142393559,
  "evaluate_seconds": 2.5541987270116806e-05
}