{
  "retrieve_seconds": 0.0015755000058561563,
  "evaluate_seconds": 4.687500768341124e-05
}