{
  "retrieve_seconds": 63.62197637098143,
  "evaluate_seconds": 0.024652043008245528
}