{
  "recall@1_doc_mean": 0.06666666666666667,
  "precision@1_chunk_mean": 0.06666666666666667,
  "ndcg@1_chunk_mean": 0.06666666666666667,
  "recall@3_doc_mean": 0.1,
  "precision@3_chunk_mean": 0.03333333333333333,
  "ndcg@3_chunk_mean": 0.08333333333333333,
  "recall@5_doc_mean": 0.23333333333333334,
  "precision@5_chunk_mean": 0.04666666666666667,
  "ndcg@5_chunk_mean": 0.13783529102052897,
  "mean_reciprocal_rank_doc": 0.1694792979351803,
  "evaluate_seconds": 0.00017883299733512104,
  "retrieve_seconds": 0.00891587499063462,
  "answer_em_mean": 0.0,
  "answer_f1_mean": 0.0,
  "citation_accuracy_mean": 0.03333333333333333,
  "answer_count": 30.0,
  "conservation_R_entity_mean": 0.85,
  "conservation_R_numeric_mean": 0.3,
  "conservation_R_temporal_mean": 0.0,
  "conservation_faithfulness_mean": 0.6166666666666667
}