{
  "retrieve_seconds": 0.00891587499063462,
  "evaluate_seconds": 0.00017883299733512104
}