{
  "retrieve_seconds": 0.0010469999979250133,
  "evaluate_seconds": 2.924998989328742e-05
}