{
  "recall@1_doc_mean": 0.16666666666666666,
  "precision@1_chunk_mean": 0.16666666666666666,
  "ndcg@1_chunk_mean": 0.16666666666666666,
  "recall@3_doc_mean": 0.16666666666666666,
  "precision@3_chunk_mean": 0.06666666666666667,
  "ndcg@3_chunk_mean": 0.16666666666666666,
  "recall@5_doc_mean": 0.23333333333333334,
  "precision@5_chunk_mean": 0.06666666666666667,
  "ndcg@5_chunk_mean": 0.2000843890227925,
  "mean_reciprocal_rank_doc": 0.24418169741621754,
  "evaluate_seconds": 0.00020308300736360252,
  "retrieve_seconds": 0.010085916001116857,
  "answer_em_mean": 0.0,
  "answer_f1_mean": 0.02,
  "citation_accuracy_mean": 0.16666666666666666,
  "answer_count": 30.0,
  "conservation_R_entity_mean": 0.8333333333333334,
  "conservation_R_numeric_mean": 0.9833333333333333,
  "conservation_R_temporal_mean": 0.0,
  "conservation_faithfulness_mean": 0.3944444444444445
}