{
  "retrieve_seconds": 0.010085916001116857,
  "evaluate_seconds": 0.00020308300736360252
}