{
  "retrieve_seconds": 0.0008765000093262643,
  "evaluate_seconds": 2.5582994567230344e-05
}