{
  "n_pairs": 3808,
  "score_mean": 0.08753596246242523,
  "score_std": 0.22404985129833221,
  "thresholds": [
    [
      -2.0,
      0.557281711619259,
      3808,
      999
    ],
    [
      -1.0,
      0.557281711619259,
      3808,
      999
    ],
    [
      0.0,
      0.557281711619259,
      3808,
      999
    ],
    [
      0.5,
      0.7225334578275755,
      301,
      153
    ],
    [
      1.0,
      0.0,
      0,
      0
    ],
    [
      2.0,
      0.0,
      0,
      0
    ],
    [
      3.0,
      0.0,
      0,
      0
    ]
  ]
}