{
  "recall@1_doc_mean": 0.3333333333333333,
  "precision@1_chunk_mean": 0.3333333333333333,
  "ndcg@1_chunk_mean": 0.3333333333333333,
  "recall@3_doc_mean": 1.0,
  "precision@3_chunk_mean": 0.3333333333333333,
  "ndcg@3_chunk_mean": 0.7539531690476383,
  "recall@5_doc_mean": 1.0,
  "precision@5_chunk_mean": 0.20000000000000004,
  "ndcg@5_chunk_mean": 0.7539531690476383,
  "mean_reciprocal_rank_doc": 0.6666666666666666,
  "evaluate_seconds": 2.862501423805952e-05,
  "retrieve_seconds": 0.0013262080028653145,
  "answer_em_mean": 0.0,
  "answer_f1_mean": 0.0,
  "citation_accuracy_mean": 0.3333333333333333,
  "answer_count": 3.0,
  "conservation_R_entity_mean": 0.4444444444444444,
  "conservation_R_numeric_mean": 0.0,
  "conservation_R_temporal_mean": 0.0,
  "conservation_faithfulness_mean": 0.8518518518518517
}