{
  "retrieve_seconds": 0.0013262080028653145,
  "evaluate_seconds": 2.862501423805952e-05
}