{
  "retrieve_seconds": 0.001343333991826512,
  "evaluate_seconds": 5.062499258201569e-05
}