{
  "retrieve_seconds": 12.971520877006697,
  "evaluate_seconds": 0.023968596011400223
}