{
  "recall@1_doc_mean": 0.06666666666666667,
  "precision@1_chunk_mean": 0.06666666666666667,
  "ndcg@1_chunk_mean": 0.06666666666666667,
  "recall@3_doc_mean": 0.1,
  "precision@3_chunk_mean": 0.03333333333333333,
  "ndcg@3_chunk_mean": 0.08333333333333333,
  "recall@5_doc_mean": 0.23333333333333334,
  "precision@5_chunk_mean": 0.04666666666666667,
  "ndcg@5_chunk_mean": 0.13783529102052897,
  "mean_reciprocal_rank_doc": 0.1694792979351803,
  "evaluate_seconds": 0.0001925000105984509,
  "retrieve_seconds": 0.0068522500223480165,
  "answer_em_mean": 0.0,
  "answer_f1_mean": 0.007407407407407408,
  "citation_accuracy_mean": 0.06666666666666667,
  "answer_count": 30.0,
  "conservation_R_entity_mean": 0.5,
  "conservation_R_numeric_mean": 1.0,
  "conservation_R_temporal_mean": 0.0,
  "conservation_faithfulness_mean": 0.5
}