{
  "retrieve_seconds": 0.0068522500223480165,
  "evaluate_seconds": 0.0001925000105984509
}