{
  "retrieve_seconds": 0.010009667021222413,
  "evaluate_seconds": 0.0001961250090971589
}