{
  "n": 1000,
  "F1": 0.4758035234101875,
  "EM": 0.371,
  "cit_acc": 0.6893400793650791,
  "lambda_type": 0.05,
  "top_k": 50,
  "token_budget": 1024,
  "elapsed_sec": 468.43147802352905
}