{
  "retrieve_seconds": 0.0011522500135470182,
  "evaluate_seconds": 3.383299917913973e-05
}