{
  "recall@1_doc_mean": 0.43,
  "precision@1_chunk_mean": 0.98,
  "ndcg@1_chunk_mean": 0.98,
  "recall@3_doc_mean": 0.67075,
  "precision@3_chunk_mean": 0.5890000000000014,
  "ndcg@3_chunk_mean": 0.9886988880129982,
  "recall@5_doc_mean": 0.6995,
  "precision@5_chunk_mean": 0.39279999999999643,
  "ndcg@5_chunk_mean": 0.9792540528979308,
  "recall@10_doc_mean": 0.72975,
  "precision@10_chunk_mean": 0.21699999999999825,
  "ndcg@10_chunk_mean": 0.9642699122888511,
  "mean_reciprocal_rank_doc": 0.9890333333333334,
  "evaluate_seconds": 0.0233897750149481,
  "retrieve_seconds": 7.239865917013958,
  "answer_em_mean": 0.244,
  "answer_f1_mean": 0.27320644355644363,
  "citation_accuracy_mean": 0.6453231314995627,
  "answer_count": 1000.0,
  "conservation_R_entity_mean": 0.7537587012875326,
  "conservation_R_numeric_mean": 0.5070081896388786,
  "conservation_R_temporal_mean": 0.0,
  "conservation_faithfulness_mean": 0.5797443696911952
}