{
  "retrieve_seconds": 7.239865917013958,
  "evaluate_seconds": 0.0233897750149481
}