{
  "retrieve_seconds": 0.008522832999005914,
  "evaluate_seconds": 0.00019404201884754002
}