{
  "retrieve_seconds": 0.0015454170061275363,
  "evaluate_seconds": 5.25419891346246e-05
}