{
  "retrieve_seconds": 0.0010055829770863056,
  "evaluate_seconds": 2.7083995519205928e-05
}